Публиковать,SKU,Название,Модель,Категория,category_slug,Состояние,Цвет,HEX,"Цена, ₸",Статус,Сторона,Расположение,Производитель,Без покраски,Описание,Фото (URL через запятую),На главную,"Остаток, шт"
Да,LX-L6-RBUMP,Задний бампер в сборе,Li Auto L6,Задний бампер,rear-bumper,Отличное,Белый,#f2f3f4,310000,В наличии,Зад,Задняя часть,Li Auto (оригинал),Да,,/parts/l6/li-auto-l6-zadniy-bamper-belyy-rs-autoparts-01..08.jpg,Да,3
Да,LX-L6-LFDOOR,Передняя левая дверь,Li Auto L6,Передняя левая дверь,left-front-door,Отличное,Белый,#f2f3f4,590000,В наличии,Лево,Передняя левая,Li Auto (оригинал),Да,,/parts/l6/li-auto-l6-perednyaya-levaya-dver-rs-autoparts-01..02.jpg,Нет,1
Да,LX-L6-RFDOOR,Передняя правая дверь,Li Auto L6,Передняя правая дверь,right-front-door,Отличное,Белый,#f2f3f4,590000,В наличии,Право,Передняя правая,Li Auto (оригинал),Да,,/parts/l6/li-auto-l6-perednyaya-pravaya-dver-rs-autoparts-01..04.jpg,Нет,1
Да,LX-L6-LRDOOR,Задняя левая дверь,Li Auto L6,Задняя левая дверь,left-rear-door,Отличное,Белый,#f2f3f4,590000,В наличии,Лево,Задняя левая,Li Auto (оригинал),Да,,/parts/l6/li-auto-l6-zadnyaya-levaya-dver-rs-autoparts-01..05.jpg,Нет,1
Да,LX-L6-RRDOOR,Задняя правая дверь,Li Auto L6,Задняя правая дверь,right-rear-door,Отличное,Чёрный,#1a1a1c,590000,В наличии,Право,Задняя правая,Li Auto (оригинал),Да,,/parts/l6/li-auto-l6-zadnyaya-pravaya-dver-rs-autoparts-01..02.jpg,Нет,1
Да,LX-L6-LRLIGHT,Левый задний фонарь,Li Auto L6,Левый задний фонарь,left-rear-light,Отличное,,,89000,В наличии,Лево,Задняя левая,Li Auto (оригинал),Нет,,/parts/l6/li-auto-l6-levyy-zadniy-fonar-rs-autoparts-01..03.jpg,Нет,2
Да,LX-L6-RRLIGHT,Правый задний фонарь,Li Auto L6,Правый задний фонарь,right-rear-light,Отличное,,,89000,В наличии,Право,Задняя правая,Li Auto (оригинал),Нет,,/parts/l6/li-auto-l6-pravyy-zadniy-fonar-rs-autoparts-01..02.jpg,Нет,2
Да,LX-L6-HOOD,Капот,Li Auto L6,Капот,hood,Отличное,Белый,#f2f3f4,580000,В наличии,Перед,Передняя часть,Li Auto (оригинал),Да,,/parts/l6/li-auto-l6-kapot-rs-autoparts-01..03.jpg,Да,1
Да,LX-L6-LMIRH,Левое зеркало High Config,Li Auto L6,Левое зеркало High Config,left-mirror-high,Отличное,,,,В наличии,Лево,Передняя левая,Li Auto (оригинал),Нет,,,Нет,1
Да,LX-L6-RMIRH,Правое зеркало High Config,Li Auto L6,Правое зеркало High Config,right-mirror-high,Отличное,,,,В наличии,Право,Передняя правая,Li Auto (оригинал),Нет,,,Нет,1
Да,LX-L6-LMIRL,Левое зеркало Low Config,Li Auto L6,Левое зеркало Low Config,left-mirror-low,Отличное,,,,В наличии,Лево,Передняя левая,Li Auto (оригинал),Нет,,,Нет,1
Да,LX-L6-RMIRL,Правое зеркало Low Config,Li Auto L6,Правое зеркало Low Config,right-mirror-low,Отличное,,,,В наличии,Право,Передняя правая,Li Auto (оригинал),Нет,,,Нет,1
Да,LX-L6-LLINER,Левый подкрылок,Li Auto L6,Левый подкрылок,left-fender-liner,Отличное,,,,В наличии,Лево,Передняя левая,Li Auto (оригинал),Нет,,,Нет,2
Да,LX-L6-RLINER,Правый подкрылок,Li Auto L6,Правый подкрылок,right-fender-liner,Отличное,,,,В наличии,Право,Передняя правая,Li Auto (оригинал),Нет,,,Нет,2
Да,LX-L6-LFEND,Крыло переднее левое,Li Auto L6,Левое крыло,left-fender,Отличное,Чёрный,#1a1a1c,270000,В наличии,Лево,Передняя левая,Li Auto (оригинал),Да,,/parts/l6/li-auto-l6-krylo-perednee-levoe-rs-autoparts-01..02.jpg,Нет,1
Да,LX-L6-RFEND,Крыло переднее правое,Li Auto L6,Правое крыло,right-fender,Отличное,Белый,#f2f3f4,270000,В наличии,Право,Передняя правая,Li Auto (оригинал),Да,,/parts/l6/li-auto-l6-krylo-perednee-pravoe-rs-autoparts-01..04.jpg,Нет,1
Да,LX-L6-LRBLIGHT,Левая подсветка бампера,Li Auto L6,Левая подсветка бампера,left-rear-bumper-light,Отличное,,,,В наличии,Лево,Задняя левая,Li Auto (оригинал),Нет,,,Нет,5
Да,LX-L6-RRBLIGHT,Правая подсветка бампера,Li Auto L6,Правая подсветка бампера,right-rear-bumper-light,Отличное,,,,В наличии,Право,Задняя правая,Li Auto (оригинал),Нет,,,Нет,5
Да,LX-L6-FTRIM,Передняя нижняя накладка,Li Auto L6,Передняя нижняя накладка,front-lower-trim,Отличное,,,,В наличии,Перед,Передняя часть,Li Auto (оригинал),Нет,,,Нет,3
Да,LX-L6-RTRIM,Задняя нижняя накладка,Li Auto L6,Задняя нижняя накладка,rear-lower-trim,Отличное,,,,В наличии,Зад,Задняя часть,Li Auto (оригинал),Нет,,,Нет,3
Да,LX-L6-HANDLE,Ручки дверей,Li Auto L6,Ручки дверей,door-handles,Отличное,,,,В наличии,—,Кузов,Li Auto (оригинал),Нет,,,Нет,2
Да,LX-L6-FBUMP,Передний бампер в сборе,Li Auto L6,Передний бампер,front-bumper,Отличное,Белый,#f2f3f4,390000,В наличии,Перед,Передняя часть,Li Auto (оригинал),Да,,/parts/l6/li-auto-l6-peredniy-bamper-belyy-rs-autoparts-01..08.jpg,Да,2
Да,LX-L6-LHEAD,Левая передняя фара,Li Auto L6,Левая передняя фара,left-headlight,Отличное,,,295000,В наличии,Лево,Передняя левая,Li Auto (оригинал),Нет,,/parts/l6/li-auto-l6-levaya-perednyaya-fara-rs-autoparts-01..03.jpg,Да,2
Да,LX-L6-RHEAD,Правая передняя фара,Li Auto L6,Правая передняя фара,right-headlight,Отличное,,,285000,В наличии,Право,Передняя правая,Li Auto (оригинал),Нет,,/parts/l6/li-auto-l6-pravaya-perednyaya-fara-rs-autoparts-01..03.jpg,Нет,2
Да,LX-L6-RAD,Кассета радиаторов,Li Auto L6,Радиатор охлаждения,radiator,Отличное,,,420000,В наличии,Перед,Передняя часть,Li Auto (оригинал),Нет,,/parts/l6/li-auto-l6-kasseta-radiatorov-rs-autoparts-01..04.jpg,Нет,2
Да,LX-L6-ACRAD,Радиатор кондиционера,Li Auto L6,Радиатор кондиционера,ac-radiator,Отличное,,,,В наличии,Перед,Передняя часть,Li Auto (оригинал),Нет,,,Нет,2
Да,LX-L6-FRAME,Телевизор (рамка передней панели),Li Auto L6,Рамка передней части,front-frame,Отличное,,,110000,В наличии,Перед,Передняя часть,Li Auto (оригинал),Нет,,/parts/l6/li-auto-l6-televizor-ramka-peredney-paneli-rs-autoparts-01..03.jpg,Нет,2
Да,LX-L6-FAN,Вентилятор охлаждения,Li Auto L6,Вентилятор охлаждения,fan,Отличное,,,,В наличии,Перед,Передняя часть,Li Auto (оригинал),Нет,,,Нет,2
Да,LX-L6-REINF,Усилитель переднего бампера (верхний),Li Auto L6,Усилитель бампера,bumper-reinforcement,Отличное,,,105000,В наличии,Перед,Передняя часть,Li Auto (оригинал),Нет,,/parts/l6/li-auto-l6-usilitel-bampera-rs-autoparts-01..06.jpg,Нет,2
Да,LX-L6-BRACK,Кронштейны и крепления,Li Auto L6,Кронштейны и крепления,brackets,Отличное,,,,В наличии,Перед,Передняя часть,Li Auto (оригинал),Нет,,,Нет,2
Да,LX-L6-SHROUD,Диффузор вентилятора,Li Auto L6,Диффузор вентилятора,fan-shroud,Отличное,,,,В наличии,Перед,Передняя часть,Li Auto (оригинал),Нет,,,Нет,2
Да,LX-L7-RBUMP,Задний бампер в сборе,Li Auto L7,Задний бампер,rear-bumper,Отличное,Чёрный,#1a1a1c,310000,В наличии,Зад,Задняя часть,Li Auto (оригинал),Да,,/parts/l7/li-auto-l7-zadniy-bamper-rs-autoparts-01..08.jpg,Да,3
Да,LX-L7-LFDOOR,Передняя левая дверь,Li Auto L7,Передняя левая дверь,left-front-door,Отличное,Чёрный,#1a1a1c,590000,В наличии,Лево,Передняя левая,Li Auto (оригинал),Да,,/parts/l7/li-auto-l7-perednyaya-levaya-dver-rs-autoparts-01..04.jpg,Да,1
Да,LX-L7-RFDOOR,Передняя правая дверь,Li Auto L7,Передняя правая дверь,right-front-door,Отличное,Чёрный,#1a1a1c,590000,В наличии,Право,Передняя правая,Li Auto (оригинал),Да,,/parts/l7/li-auto-l7-perednyaya-pravaya-dver-rs-autoparts-01..04.jpg,Нет,1
Да,LX-L7-LRDOOR,Задняя левая дверь,Li Auto L7,Задняя левая дверь,left-rear-door,Отличное,Чёрный,#1a1a1c,590000,В наличии,Лево,Задняя левая,Li Auto (оригинал),Да,,/parts/l7/li-auto-l7-zadnyaya-levaya-dver-rs-autoparts-01..04.jpg,Нет,1
Да,LX-L7-RRDOOR,Задняя правая дверь,Li Auto L7,Задняя правая дверь,right-rear-door,Отличное,Чёрный,#1a1a1c,590000,В наличии,Право,Задняя правая,Li Auto (оригинал),Да,,/parts/l7/li-auto-l7-zadnyaya-pravaya-dver-rs-autoparts-01..03.jpg,Нет,1
Да,LX-L7-LRLIGHT,Левый задний фонарь,Li Auto L7,Левый задний фонарь,left-rear-light,Отличное,,,89000,В наличии,Лево,Задняя левая,Li Auto (оригинал),Нет,,/parts/l7/li-auto-l7-levyy-zadniy-fonar-rs-autoparts-01..03.jpg,Нет,4
Да,LX-L7-RRLIGHT,Правый задний фонарь,Li Auto L7,Правый задний фонарь,right-rear-light,Отличное,,,89000,В наличии,Право,Задняя правая,Li Auto (оригинал),Нет,,/parts/l7/li-auto-l7-pravyy-zadniy-fonar-rs-autoparts-01..03.jpg,Нет,4
Да,LX-L7-HOOD,Капот,Li Auto L7,Капот,hood,Отличное,Чёрный,#1a1a1c,580000,В наличии,Перед,Передняя часть,Li Auto (оригинал),Да,,/parts/l7/li-auto-l7-kapot-rs-autoparts-01..04.jpg,Нет,1
Да,LX-L7-LMIRH,Левое зеркало High Config,Li Auto L7,Левое зеркало High Config,left-mirror-high,Хорошее,,,,В наличии,Лево,Передняя левая,Li Auto (оригинал),Нет,,,Нет,1
Да,LX-L7-RMIRH,Правое зеркало High Config,Li Auto L7,Правое зеркало High Config,right-mirror-high,Хорошее,,,,В наличии,Право,Передняя правая,Li Auto (оригинал),Нет,,,Нет,1
Да,LX-L7-LMIRL,Левое зеркало Low Config,Li Auto L7,Левое зеркало Low Config,left-mirror-low,Хорошее,,,,В наличии,Лево,Передняя левая,Li Auto (оригинал),Нет,,,Нет,1
Да,LX-L7-RMIRL,Правое зеркало Low Config,Li Auto L7,Правое зеркало Low Config,right-mirror-low,Хорошее,,,,В наличии,Право,Передняя правая,Li Auto (оригинал),Нет,,,Нет,1
Да,LX-L7-LLINER,Левый подкрылок,Li Auto L7,Левый подкрылок,left-fender-liner,Хорошее,,,,В наличии,Лево,Передняя левая,Li Auto (оригинал),Нет,,,Нет,2
Да,LX-L7-RLINER,Правый подкрылок,Li Auto L7,Правый подкрылок,right-fender-liner,Хорошее,,,,В наличии,Право,Передняя правая,Li Auto (оригинал),Нет,,,Нет,2
Да,LX-L7-LFEND,Крыло переднее левое,Li Auto L7,Левое крыло,left-fender,Отличное,Чёрный,#1a1a1c,270000,В наличии,Лево,Передняя левая,Li Auto (оригинал),Да,,/parts/l7/li-auto-l7-krylo-perednee-levoe-rs-autoparts-01..03.jpg,Нет,1
Да,LX-L7-RFEND,Крыло переднее правое,Li Auto L7,Правое крыло,right-fender,Отличное,Чёрный,#1a1a1c,270000,В наличии,Право,Передняя правая,Li Auto (оригинал),Да,,/parts/l7/li-auto-l7-krylo-perednee-pravoe-rs-autoparts-01..04.jpg,Нет,1
Да,LX-L7-LRBLIGHT,Левая подсветка бампера,Li Auto L7,Левая подсветка бампера,left-rear-bumper-light,Хорошее,,,,В наличии,Лево,Задняя левая,Li Auto (оригинал),Нет,,,Нет,5
Да,LX-L7-RRBLIGHT,Правая подсветка бампера,Li Auto L7,Правая подсветка бампера,right-rear-bumper-light,Хорошее,,,,В наличии,Право,Задняя правая,Li Auto (оригинал),Нет,,,Нет,5
Да,LX-L7-FTRIM,Передняя нижняя накладка,Li Auto L7,Передняя нижняя накладка,front-lower-trim,Хорошее,,,,В наличии,Перед,Передняя часть,Li Auto (оригинал),Нет,,,Нет,3
Да,LX-L7-RTRIM,Нижняя накладка заднего бампера,Li Auto L7,Задняя нижняя накладка,rear-lower-trim,Новое,,,45000,В наличии,Зад,Задняя часть,Li Auto (оригинал),Нет,,/parts/l7/li-auto-l7-zadnyaya-nizhnyaya-nakladka-rs-autoparts-01..03.jpg,Нет,3
Да,LX-L7-HANDLE,Ручки дверей,Li Auto L7,Ручки дверей,door-handles,Хорошее,,,,В наличии,—,Кузов,Li Auto (оригинал),Нет,,,Нет,4
Да,LX-L7-FBUMP,Передний бампер в сборе,Li Auto L7,Передний бампер,front-bumper,Отличное,Чёрный,#1a1a1c,420000,В наличии,Перед,Передняя часть,Li Auto (оригинал),Да,,/parts/l7/li-auto-l7-peredniy-bamper-rs-autoparts-01..07.jpg,Да,1
Да,LX-L7-LHEAD,Левая передняя фара,Li Auto L7,Левая передняя фара,left-headlight,Отличное,,,285000,В наличии,Лево,Передняя левая,Li Auto (оригинал),Нет,,/parts/l7/li-auto-l7-levaya-perednyaya-fara-rs-autoparts-01..03.jpg,Да,1
Да,LX-L7-RHEAD,Правая передняя фара,Li Auto L7,Правая передняя фара,right-headlight,Отличное,,,295000,В наличии,Право,Передняя правая,Li Auto (оригинал),Нет,,/parts/l7/li-auto-l7-pravaya-perednyaya-fara-rs-autoparts-01..03.jpg,Нет,1
Да,LX-L7-RAD,Радиаторы в сборе,Li Auto L7,Радиатор охлаждения,radiator,Отличное,,,380000,В наличии,Перед,Передняя часть,Li Auto (оригинал),Нет,,/parts/l7/li-auto-l7-radiatory-v-sbore-rs-autoparts-01..02.jpg,Нет,1
Да,LX-L7-ACRAD,Радиатор кондиционера,Li Auto L7,Радиатор кондиционера,ac-radiator,Хорошее,,,,В наличии,Перед,Передняя часть,Li Auto (оригинал),Нет,,,Нет,1
Да,LX-L7-FRAME,Телевизор (рамка передней панели),Li Auto L7,Рамка передней части,front-frame,Отличное,,,110000,В наличии,Перед,Передняя часть,Li Auto (оригинал),Нет,,/parts/l7/li-auto-l7-televizor-ramka-peredney-paneli-rs-autoparts-01..02.jpg,Нет,1
Да,LX-L7-FAN,Вентилятор охлаждения,Li Auto L7,Вентилятор охлаждения,fan,Хорошее,,,,В наличии,Перед,Передняя часть,Li Auto (оригинал),Нет,,,Нет,1
Да,LX-L7-REINF,Усилитель переднего бампера (верхний),Li Auto L7,Усилитель бампера,bumper-reinforcement,Отличное,,,105000,В наличии,Перед,Передняя часть,Li Auto (оригинал),Нет,,/parts/l7/li-auto-l7-usilitel-bampera-rs-autoparts-01..06.jpg,Нет,1
Да,LX-L7-BRACK,Кронштейны и крепления,Li Auto L7,Кронштейны и крепления,brackets,Хорошее,,,,В наличии,Перед,Передняя часть,Li Auto (оригинал),Нет,,,Нет,1
Да,LX-L7-SHROUD,Диффузор вентилятора,Li Auto L7,Диффузор вентилятора,fan-shroud,Хорошее,,,,В наличии,Перед,Передняя часть,Li Auto (оригинал),Нет,,,Нет,1
Да,LX-L9-RBUMP,Задний бампер в сборе,Li Auto L9,Задний бампер,rear-bumper,Отличное,Чёрный,#1a1a1c,310000,В наличии,Зад,Задняя часть,Li Auto (оригинал),Да,,/parts/l9/li-auto-l9-zadniy-bamper-chernyy-rs-autoparts-01..09.jpg,Да,3
Да,LX-L9-LFDOOR,Передняя левая дверь,Li Auto L9,Передняя левая дверь,left-front-door,Отличное,Чёрный,#1a1a1c,620000,В наличии,Лево,Передняя левая,Li Auto (оригинал),Да,,/parts/l9/li-auto-l9-perednyaya-levaya-dver-rs-autoparts-01..05.jpg,Да,1
Да,LX-L9-RFDOOR,Передняя правая дверь,Li Auto L9,Передняя правая дверь,right-front-door,Отличное,Серый,#7d838a,590000,В наличии,Право,Передняя правая,Li Auto (оригинал),Да,,/parts/l9/li-auto-l9-perednyaya-pravaya-dver-rs-autoparts-01..04.jpg,Нет,1
Да,LX-L9-LRDOOR,Задняя левая дверь,Li Auto L9,Задняя левая дверь,left-rear-door,Отличное,Серый,#7d838a,580000,В наличии,Лево,Задняя левая,Li Auto (оригинал),Да,,/parts/l9/li-auto-l9-zadnyaya-levaya-dver-rs-autoparts-01..03.jpg,Нет,1
Да,LX-L9-RRDOOR,Задняя правая дверь,Li Auto L9,Задняя правая дверь,right-rear-door,Хорошее,,,,В наличии,Право,Задняя правая,Li Auto (оригинал),Да,,,Нет,1
Да,LX-L9-LRLIGHT,Левый задний фонарь,Li Auto L9,Левый задний фонарь,left-rear-light,Отличное,,,89000,В наличии,Лево,Задняя левая,Li Auto (оригинал),Нет,,/parts/l9/li-auto-l9-levyy-zadniy-fonar-rs-autoparts-01..03.jpg,Нет,3
Да,LX-L9-RRLIGHT,Правый задний фонарь,Li Auto L9,Правый задний фонарь,right-rear-light,Отличное,,,89000,В наличии,Право,Задняя правая,Li Auto (оригинал),Нет,,/parts/l9/li-auto-l9-pravyy-zadniy-fonar-rs-autoparts-01..03.jpg,Нет,3
Да,LX-L9-HOOD,Капот,Li Auto L9,Капот,hood,Отличное,Серый,#7d838a,590000,В наличии,Перед,Передняя часть,Li Auto (оригинал),Да,,/parts/l9/li-auto-l9-kapot-rs-autoparts-01..03.jpg,Да,1
Да,LX-L9-LMIRH,Левое зеркало High Config,Li Auto L9,Левое зеркало High Config,left-mirror-high,Хорошее,,,,В наличии,Лево,Передняя левая,Li Auto (оригинал),Нет,,,Нет,1
Да,LX-L9-RMIRH,Правое зеркало High Config,Li Auto L9,Правое зеркало High Config,right-mirror-high,Хорошее,,,,В наличии,Право,Передняя правая,Li Auto (оригинал),Нет,,,Нет,1
Да,LX-L9-LMIRL,Левое зеркало Low Config,Li Auto L9,Левое зеркало Low Config,left-mirror-low,Хорошее,,,,В наличии,Лево,Передняя левая,Li Auto (оригинал),Нет,,,Нет,1
Да,LX-L9-RMIRL,Правое зеркало Low Config,Li Auto L9,Правое зеркало Low Config,right-mirror-low,Хорошее,,,,В наличии,Право,Передняя правая,Li Auto (оригинал),Нет,,,Нет,1
Да,LX-L9-LLINER,Левый подкрылок,Li Auto L9,Левый подкрылок,left-fender-liner,Хорошее,,,,В наличии,Лево,Передняя левая,Li Auto (оригинал),Нет,,,Нет,2
Да,LX-L9-RLINER,Правый подкрылок,Li Auto L9,Правый подкрылок,right-fender-liner,Хорошее,,,,В наличии,Право,Передняя правая,Li Auto (оригинал),Нет,,,Нет,2
Да,LX-L9-LFEND,Крыло переднее левое,Li Auto L9,Левое крыло,left-fender,Отличное,Чёрный,#1a1a1c,290000,В наличии,Лево,Передняя левая,Li Auto (оригинал),Да,,/parts/l9/li-auto-l9-krylo-perednee-levoe-rs-autoparts-01..03.jpg,Нет,1
Да,LX-L9-RFEND,Крыло переднее правое,Li Auto L9,Правое крыло,right-fender,Отличное,Чёрный,#1a1a1c,290000,В наличии,Право,Передняя правая,Li Auto (оригинал),Да,,/parts/l9/li-auto-l9-krylo-perednee-pravoe-rs-autoparts-01..04.jpg,Нет,1
Да,LX-L9-LRBLIGHT,Левая подсветка бампера,Li Auto L9,Левая подсветка бампера,left-rear-bumper-light,Хорошее,,,,В наличии,Лево,Задняя левая,Li Auto (оригинал),Нет,,,Нет,5
Да,LX-L9-RRBLIGHT,Правая подсветка бампера,Li Auto L9,Правая подсветка бампера,right-rear-bumper-light,Хорошее,,,,В наличии,Право,Задняя правая,Li Auto (оригинал),Нет,,,Нет,5
Да,LX-L9-FTRIM,Нижняя накладка переднего бампера,Li Auto L9,Передняя нижняя накладка,front-lower-trim,Новое,,,55000,В наличии,Перед,Передняя часть,Li Auto (оригинал),Нет,,/parts/l9/li-auto-l9-perednyaya-nizhnyaya-nakladka-rs-autoparts-01..04.jpg,Нет,3
Да,LX-L9-RTRIM,Задняя нижняя накладка,Li Auto L9,Задняя нижняя накладка,rear-lower-trim,Хорошее,,,,В наличии,Зад,Задняя часть,Li Auto (оригинал),Нет,,,Нет,3
Да,LX-L9-HANDLE,Ручки дверей,Li Auto L9,Ручки дверей,door-handles,Хорошее,,,,В наличии,—,Кузов,Li Auto (оригинал),Нет,,,Нет,2
Да,LX-L9-FBUMP,Передний бампер в сборе,Li Auto L9,Передний бампер,front-bumper,Отличное,Чёрный,#1a1a1c,410000,В наличии,Перед,Передняя часть,Li Auto (оригинал),Да,,/parts/l9/li-auto-l9-peredniy-bamper-rs-autoparts-01..10.jpg,Да,1
Да,LX-L9-LHEAD,Левая передняя фара,Li Auto L9,Левая передняя фара,left-headlight,Отличное,,,310000,В наличии,Лево,Передняя левая,Li Auto (оригинал),Нет,,/parts/l9/li-auto-l9-levaya-perednyaya-fara-rs-autoparts-01..03.jpg,Да,1
Да,LX-L9-RHEAD,Правая передняя фара,Li Auto L9,Правая передняя фара,right-headlight,Отличное,,,310000,В наличии,Право,Передняя правая,Li Auto (оригинал),Нет,,/parts/l9/li-auto-l9-pravaya-perednyaya-fara-rs-autoparts-01..03.jpg,Нет,1
Да,LX-L9-RAD,Радиаторы в сборе,Li Auto L9,Радиатор охлаждения,radiator,Отличное,,,380000,В наличии,Перед,Передняя часть,Li Auto (оригинал),Нет,,/parts/l9/li-auto-l9-radiatory-v-sbore-rs-autoparts-01..02.jpg,Нет,1
Да,LX-L9-ACRAD,Радиатор кондиционера,Li Auto L9,Радиатор кондиционера,ac-radiator,Хорошее,,,,В наличии,Перед,Передняя часть,Li Auto (оригинал),Нет,,,Нет,1
Да,LX-L9-FRAME,Телевизор (рамка передней панели),Li Auto L9,Рамка передней части,front-frame,Отличное,,,110000,В наличии,Перед,Передняя часть,Li Auto (оригинал),Нет,,/parts/l9/li-auto-l9-televizor-ramka-peredney-paneli-rs-autoparts-01..05.jpg,Нет,1
Да,LX-L9-FAN,Вентилятор охлаждения,Li Auto L9,Вентилятор охлаждения,fan,Хорошее,,,,В наличии,Перед,Передняя часть,Li Auto (оригинал),Нет,,,Нет,1
Да,LX-L9-REINF,Усилитель переднего бампера (верхний),Li Auto L9,Усилитель бампера,bumper-reinforcement,Отличное,,,105000,В наличии,Перед,Передняя часть,Li Auto (оригинал),Нет,,/parts/l9/li-auto-l9-usilitel-bampera-rs-autoparts-01..06.jpg,Нет,1
Да,LX-L9-BRACK,Кронштейны и крепления,Li Auto L9,Кронштейны и крепления,brackets,Хорошее,,,,В наличии,Перед,Передняя часть,Li Auto (оригинал),Нет,,,Нет,1
Да,LX-L9-SHROUD,Диффузор вентилятора,Li Auto L9,Диффузор вентилятора,fan-shroud,Хорошее,,,,В наличии,Перед,Передняя часть,Li Auto (оригинал),Нет,,,Нет,1
Да,LX-L6-FBUMP-BK,Передний бампер в сборе,Li Auto L6,Передний бампер,front-bumper,Отличное,Чёрный,#1a1a1c,390000,В наличии,Перед,Передняя часть,Li Auto (оригинал),Да,,/parts/l6/li-auto-l6-peredniy-bamper-chernyy-rs-autoparts-01..06.jpg,Да,0
Да,LX-L6-RBUMP-BK,Задний бампер в сборе,Li Auto L6,Задний бампер,rear-bumper,Отличное,Чёрный,#1a1a1c,310000,В наличии,Зад,Задняя часть,Li Auto (оригинал),Да,,/parts/l6/li-auto-l6-zadniy-bamper-chernyy-rs-autoparts-01..04.jpg,Нет,0
Да,LX-L6-LMIR,Левое зеркало в сборе,Li Auto L6,Левое зеркало,left-mirror,Новое,,,310000,В наличии,Лево,Передняя левая,Li Auto (оригинал),Нет,,/parts/l6/li-auto-l6-levoe-zerkalo-new-rs-autoparts-01..03.jpg,Да,0
Да,LX-L6-RMIR,Правое зеркало в сборе,Li Auto L6,Правое зеркало,right-mirror,Новое,,,310000,В наличии,Право,Передняя правая,Li Auto (оригинал),Нет,,/parts/l6/li-auto-l6-pravoe-zerkalo-new-rs-autoparts-01..04.jpg,Нет,0
Да,LX-L6-SHUTTER,Жалюзи радиатора,Li Auto L6,Жалюзи радиатора,grille-shutter,Отличное,,,75000,В наличии,Перед,Передняя часть,Li Auto (оригинал),Нет,,/parts/l6/li-auto-l6-zhalyuzi-radiatora-rs-autoparts-01..03.jpg,Нет,0
Да,LX-L6-REINF-LO,Нижний усилитель переднего бампера,Li Auto L6,Усилитель бампера,bumper-reinforcement,Отличное,,,75000,В наличии,Перед,Передняя часть,Li Auto (оригинал),Нет,,/parts/l6/li-auto-l6-usilitel-bampera-rs-autoparts-01..06.jpg,Нет,0
Да,LX-L6-HLCOVER,Накладка телевизора (кожух замка капота),Li Auto L6,Пластиковые элементы,plastic-parts,Отличное,,,45000,В наличии,Перед,Передняя часть,Li Auto (оригинал),Нет,,/parts/l6/li-auto-l6-nakladka-televizora-kozhuh-zamka-kapota-rs-autoparts-01..03.jpg,Нет,0
Да,LX-L6-HLOCK-L,Замок капота левый,Li Auto L6,Замок капота,hood-lock,Отличное,,,,В наличии,Лево,Передняя часть,Li Auto (оригинал),Нет,,/parts/l6/li-auto-l6-zamok-kapota-levyy-rs-autoparts-01..02.jpg,Нет,0
Да,LX-L6-HLOCK-R,Замок капота правый,Li Auto L6,Замок капота,hood-lock,Отличное,,,,В наличии,Право,Передняя часть,Li Auto (оригинал),Нет,,/parts/l6/li-auto-l6-zamok-kapota-pravyy-rs-autoparts-01..02.jpg,Нет,0
Да,LX-L6-LINERS,Подкрылки передние и задние,Li Auto L6,Подкрылки (комплект),fender-liners,Отличное,,,40000,В наличии,—,Колёсные арки,Li Auto (оригинал),Нет,,/parts/l6/li-auto-l6-podkrylki-perednie-i-zadnie-rs-autoparts-01..02.jpg,Нет,0
Да,LX-L6-HANDLE-FR,Ручка передней правой двери,Li Auto L6,Ручки дверей,door-handles,Отличное,,,45000,В наличии,Право,Передняя правая,Li Auto (оригинал),Нет,,/parts/l6/li-auto-l6-ruchka-dveri-peredney-pravoy-rs-autoparts-01.jpg,Нет,0
Да,LX-L6-HANDLE-RL,Ручка задней левой двери,Li Auto L6,Ручки дверей,door-handles,Отличное,,,45000,В наличии,Лево,Задняя левая,Li Auto (оригинал),Нет,,/parts/l6/li-auto-l6-ruchka-dveri-zadney-levoy-rs-autoparts-01.jpg,Нет,0
Да,LX-L7-LMIR,Левое зеркало в сборе,Li Auto L7,Левое зеркало,left-mirror,Отличное,,,290000,В наличии,Лево,Передняя левая,Li Auto (оригинал),Нет,,/parts/l7/li-auto-l7-levoe-zerkalo-bu-rs-autoparts-01..03.jpg,Нет,0
Да,LX-L7-RMIR,Правое зеркало в сборе,Li Auto L7,Правое зеркало,right-mirror,Отличное,,,290000,В наличии,Право,Передняя правая,Li Auto (оригинал),Нет,,/parts/l7/li-auto-l7-pravoe-zerkalo-bu-rs-autoparts-01..04.jpg,Нет,0
Да,LX-L7-LTURN,Передний левый поворотник,Li Auto L7,Передний левый поворотник,left-front-turn,Отличное,,,55000,В наличии,Лево,Передняя левая,Li Auto (оригинал),Нет,,/parts/l7/li-auto-l7-levaya-podsvetka-bampera-rs-autoparts-01..04.jpg,Нет,0
Да,LX-L7-RTURN,Передний правый поворотник,Li Auto L7,Передний правый поворотник,right-front-turn,Отличное,,,55000,В наличии,Право,Передняя правая,Li Auto (оригинал),Нет,,/parts/l7/li-auto-l7-pravaya-podsvetka-bampera-rs-autoparts-01..03.jpg,Нет,0
Да,LX-L7-DRL,ДХО центральное (монобровь),Li Auto L7,ДХО (монобровь),drl,Отличное,,,410000,В наличии,Перед,Передняя часть,Li Auto (оригинал),Нет,,,Нет,0
Да,LX-L7-SHUTTER,Жалюзи радиатора,Li Auto L7,Жалюзи радиатора,grille-shutter,Отличное,,,75000,В наличии,Перед,Передняя часть,Li Auto (оригинал),Нет,,/parts/l7/li-auto-l7-zhalyuzi-radiatora-rs-autoparts-01..03.jpg,Нет,0
Да,LX-L7-REINF-LO,Нижний усилитель переднего бампера,Li Auto L7,Усилитель бампера,bumper-reinforcement,Отличное,,,75000,В наличии,Перед,Передняя часть,Li Auto (оригинал),Нет,,/parts/l7/li-auto-l7-usilitel-bampera-rs-autoparts-01..06.jpg,Нет,0
Да,LX-L7-HLOCK-L,Замок капота левый,Li Auto L7,Замок капота,hood-lock,Новое,,,30000,В наличии,Лево,Передняя часть,Li Auto (оригинал),Нет,,/parts/l7/li-auto-l7-zamok-kapota-levyy-rs-autoparts-01..02.jpg,Нет,0
Да,LX-L7-HLOCK-R,Замок капота правый,Li Auto L7,Замок капота,hood-lock,Новое,,,30000,В наличии,Право,Передняя часть,Li Auto (оригинал),Нет,,/parts/l7/li-auto-l7-zamok-kapota-pravyy-rs-autoparts-01..02.jpg,Нет,0
Да,LX-L7-LINERS,Подкрылки передние и задние,Li Auto L7,Подкрылки (комплект),fender-liners,Отличное,,,40000,В наличии,—,Колёсные арки,Li Auto (оригинал),Нет,,/parts/l7/li-auto-l7-podkrylki-perednie-i-zadnie-rs-autoparts-01..02.jpg,Нет,0
Да,LX-L7-HANDLE-FL,Ручка передней левой двери,Li Auto L7,Ручки дверей,door-handles,Отличное,,,,В наличии,Лево,Передняя левая,Li Auto (оригинал),Нет,,/parts/l7/li-auto-l7-ruchka-dveri-peredney-levoy-rs-autoparts-01.jpg,Нет,0
Да,LX-L7-HANDLE-FR,Ручка передней правой двери,Li Auto L7,Ручки дверей,door-handles,Отличное,,,,В наличии,Право,Передняя правая,Li Auto (оригинал),Нет,,/parts/l7/li-auto-l7-ruchka-dveri-peredney-pravoy-rs-autoparts-01.jpg,Нет,0
Да,LX-L7-HANDLE-RL,Ручка задней левой двери,Li Auto L7,Ручки дверей,door-handles,Отличное,,,45000,В наличии,Лево,Задняя левая,Li Auto (оригинал),Нет,,/parts/l7/li-auto-l7-ruchka-dveri-zadney-levoy-rs-autoparts-01.jpg,Нет,0
Да,LX-L7-HANDLE-RR,Ручка задней правой двери,Li Auto L7,Ручки дверей,door-handles,Отличное,,,45000,В наличии,Право,Задняя правая,Li Auto (оригинал),Нет,,/parts/l7/li-auto-l7-ruchka-dveri-zadney-pravoy-rs-autoparts-01.jpg,Нет,0
Да,LX-L9-RBUMP-WH,Задний бампер в сборе,Li Auto L9,Задний бампер,rear-bumper,Отличное,Белый,#f2f3f4,310000,В наличии,Зад,Задняя часть,Li Auto (оригинал),Да,,/parts/l9/li-auto-l9-zadniy-bamper-belyy-rs-autoparts-01..04.jpg,Нет,0
Да,LX-L9-LMIR,Левое зеркало в сборе,Li Auto L9,Левое зеркало,left-mirror,Новое,,,310000,В наличии,Лево,Передняя левая,Li Auto (оригинал),Нет,,/parts/l9/li-auto-l9-levoe-zerkalo-new-rs-autoparts-01..05.jpg,Да,0
Да,LX-L9-RMIR,Правое зеркало в сборе,Li Auto L9,Правое зеркало,right-mirror,Новое,,,310000,В наличии,Право,Передняя правая,Li Auto (оригинал),Нет,,/parts/l9/li-auto-l9-pravoe-zerkalo-new-rs-autoparts-01..05.jpg,Нет,0
Да,LX-L9-LTURN,Передний левый поворотник,Li Auto L9,Передний левый поворотник,left-front-turn,Отличное,,,55000,В наличии,Лево,Передняя левая,Li Auto (оригинал),Нет,,/parts/l9/li-auto-l9-levaya-podsvetka-bampera-rs-autoparts-01..03.jpg,Нет,0
Да,LX-L9-RTURN,Передний правый поворотник,Li Auto L9,Передний правый поворотник,right-front-turn,Отличное,,,55000,В наличии,Право,Передняя правая,Li Auto (оригинал),Нет,,/parts/l9/li-auto-l9-pravaya-podsvetka-bampera-rs-autoparts-01..03.jpg,Нет,0
Да,LX-L9-DRL,ДХО центральное (монобровь),Li Auto L9,ДХО (монобровь),drl,Отличное,,,410000,В наличии,Перед,Передняя часть,Li Auto (оригинал),Нет,,,Нет,0
Да,LX-L9-SHUTTER,Жалюзи радиатора,Li Auto L9,Жалюзи радиатора,grille-shutter,Отличное,,,75000,В наличии,Перед,Передняя часть,Li Auto (оригинал),Нет,,/parts/l9/li-auto-l9-zhalyuzi-radiatora-rs-autoparts-01..03.jpg,Нет,0
Да,LX-L9-REINF-LO,Нижний усилитель переднего бампера,Li Auto L9,Усилитель бампера,bumper-reinforcement,Отличное,,,75000,В наличии,Перед,Передняя часть,Li Auto (оригинал),Нет,,/parts/l9/li-auto-l9-usilitel-bampera-rs-autoparts-01..06.jpg,Нет,0
Да,LX-L9-HLCOVER,Накладка телевизора (кожух замка капота),Li Auto L9,Пластиковые элементы,plastic-parts,Отличное,,,45000,В наличии,Перед,Передняя часть,Li Auto (оригинал),Нет,,/parts/l9/li-auto-l9-nakladka-televizora-kozhuh-zamka-kapota-rs-autoparts-01..03.jpg,Нет,0
Да,LX-L9-HLOCK-L,Замок капота левый,Li Auto L9,Замок капота,hood-lock,Новое,,,30000,В наличии,Лево,Передняя часть,Li Auto (оригинал),Нет,,/parts/l9/li-auto-l9-zamok-kapota-levyy-rs-autoparts-01..02.jpg,Нет,0
Да,LX-L9-HLOCK-R,Замок капота правый,Li Auto L9,Замок капота,hood-lock,Новое,,,30000,В наличии,Право,Передняя часть,Li Auto (оригинал),Нет,,/parts/l9/li-auto-l9-zamok-kapota-pravyy-rs-autoparts-01..02.jpg,Нет,0
Да,LX-L9-LINERS,Подкрылки передние и задние,Li Auto L9,Подкрылки (комплект),fender-liners,Отличное,,,40000,В наличии,—,Колёсные арки,Li Auto (оригинал),Нет,,/parts/l9/li-auto-l9-podkrylki-perednie-i-zadnie-rs-autoparts-01..02.jpg,Нет,0
Да,LX-L9-HANDLE-FL,Ручка передней левой двери,Li Auto L9,Ручки дверей,door-handles,Отличное,,,,В наличии,Лево,Передняя левая,Li Auto (оригинал),Нет,,/parts/l9/li-auto-l9-ruchka-dveri-peredney-levoy-rs-autoparts-01.jpg,Нет,0
Да,LX-L9-HANDLE-FR,Ручка передней правой двери,Li Auto L9,Ручки дверей,door-handles,Отличное,,,,В наличии,Право,Передняя правая,Li Auto (оригинал),Нет,,/parts/l9/li-auto-l9-ruchka-dveri-peredney-pravoy-rs-autoparts-01.jpg,Нет,0
Да,LX-L9-HANDLE-RL,Ручка задней левой двери,Li Auto L9,Ручки дверей,door-handles,Отличное,,,,В наличии,Лево,Задняя левая,Li Auto (оригинал),Нет,,/parts/l9/li-auto-l9-ruchka-dveri-zadney-levoy-rs-autoparts-01.jpg,Нет,0
